<?xml version="1.0" encoding="UTF-8"?>

<!--
Services.xml define topologies and components that an operator can select for deployment.
It has to be in the build location for Octopus to find them  
It is loaded by the Octopus GUI or command line console,
indirectly when the configuration xml file is opened.
This XML declares the components to Octopus, it is not installing the components.
-->
<service name="EmailInterchange" release="EI_REV_KT_1_1">
	<topologies>
		<topology name="File mover">
			<property name="EIREVKT_1ST_SVC_SOURCELOCATION">
				<userInput prompt="EI Rev KT Source Location" help="The physical build source location" required="true"/>
			</property>
			<property name="EIREVKT_1ST_SVC_TARGETLOCATION">
				<userInput prompt="EI Rev KT Target Location" help="The physical build target location" required="true"/>
			</property>
			<property name="EIREVKT_1ST_SVC_BACKUPLOCATION">
				<userInput prompt="EI Rev KT Backup Location" help="The physical build backup location" required="true"/>
			</property>
			<property name="EIREVKT_1ST_SVC_NAME">
				<userInput prompt="EI Rev KT 1st Service Name" help="Name of the service #1" required="true"/>
			</property>
			<property name="EIREVKT_2ND_SVC_SOURCELOCATION">
				<userInput prompt="EI Rev KT Source Location" help="The physical build source location" required="true"/>
			</property>
			<property name="EIREVKT_2ND_SVC_TARGETLOCATION">
				<userInput prompt="EI Rev KT Target Location" help="The physical build target location" required="true"/>
			</property>
			<property name="EIREVKT_2ND_SVC_BACKUPLOCATION">
				<userInput prompt="EI Rev KT Backup Location" help="The physical build backup location" required="true"/>
			</property>
			<property name="EIREVKT_2ND_SVC_NAME">
				<userInput prompt="EI Rev KT 2nd Service Name" help="Name of the service #2" required="true"/>
			</property>
			<property name="EIREVKT_GAC_FULLPATH">
				<userInput prompt="EI Rev KT Path for the assembly to be added to GAC" help="Name of the GAC assembly" required="true"/>
			</property>
			<role name="EI_REV_KT_1_1_INSTALL_1ST_SERVICE" servers="select" minServers="0">
				<passProperty name="EIREVKT_1ST_SVC_SOURCELOCATION" value="[EIREVKT_1ST_SVC_SOURCELOCATION]"/>
				<passProperty name="EIREVKT_1ST_SVC_TARGETLOCATION" value="[EIREVKT_1ST_SVC_TARGETLOCATION]"/>
				<passProperty name="EIREVKT_1ST_SVC_BACKUPLOCATION" value="[EIREVKT_1ST_SVC_BACKUPLOCATION]"/>
				<passProperty name="EIREVKT_1ST_SVC_NAME" value="[EIREVKT_1ST_SVC_NAME]"/>
			</role>
			<role name="EI_REV_KT_1_1_INSTALL_2ND_SERVICE" servers="select" minServers="0">
				<passProperty name="EIREVKT_2ND_SVC_SOURCELOCATION" value="[EIREVKT_2ND_SVC_SOURCELOCATION]"/>
				<passProperty name="EIREVKT_2ND_SVC_TARGETLOCATION" value="[EIREVKT_2ND_SVC_TARGETLOCATION]"/>
				<passProperty name="EIREVKT_2ND_SVC_BACKUPLOCATION" value="[EIREVKT_2ND_SVC_BACKUPLOCATION]"/>
				<passProperty name="EIREVKT_2ND_SVC_NAME" value="[EIREVKT_2ND_SVC_NAME]"/>
			</role>
			<role name="EI_REV_KT_1_1_GAC_AN_ASSEMBLY" servers="select" minServers="0">
				<passProperty name="EIREVKT_GAC_FULLPATH" value="[EIREVKT_GAC_FULLPATH]"/>
			</role>
			<role name="Net Framework3.5 Check" servers="select" minServers="0">
			</role>
		</topology>
	</topologies>
	<components>
		<component name="EI_REV_KT_1_1_INSTALL_1ST_SERVICE">
			<property name="EIREVKT_1ST_SVC_SOURCELOCATION" value="[EIREVKT_1ST_SVC_SOURCELOCATION]"/>
			<property name="EIREVKT_1ST_SVC_TARGETLOCATION" value="[EIREVKT_1ST_SVC_TARGETLOCATION]"/>
			<property name="EIREVKT_1ST_SVC_BACKUPLOCATION" value="[EIREVKT_1ST_SVC_BACKUPLOCATION]"/>
			<property name="EIREVKT_1ST_SVC_NAME" value="[EIREVKT_1ST_SVC_NAME]"/>
			<!--<publishInterface name="MSI_WindowsService"/>-->
			<installCommand name="File copy to target"  cmd="SC STOP &quot;[EIREVKT_1ST_SVC_NAME]&quot; &amp; ROBOCOPY &quot;[EIREVKT_1ST_SVC_TARGETLOCATION]&quot; &quot;[EIREVKT_1ST_SVC_BACKUPLOCATION]&quot; *.* &amp; DEL /Q &quot;[EIREVKT_1ST_SVC_TARGETLOCATION]&quot; &amp; ROBOCOPY &quot;[EIREVKT_1ST_SVC_SOURCELOCATION]&quot; &quot;[EIREVKT_1ST_SVC_TARGETLOCATION]&quot; *.* &amp; SC START &quot;[EIREVKT_1ST_SVC_NAME]&quot;">
				<statusCodes>
					<statusCode type="success" value="0" message="1ST SERVICE UPDATE SUCCEEDED."/>
					<statusCode type="success" value="1" message="1ST SERVICE UPDATE SUCCEEDED."/>
					<statusCode type="success" value="2" message="1ST SERVICE UPDATE SUCCEEDED."/>
				</statusCodes>
			</installCommand>
			<uninstallCommand name="File copy to source" cmd="SC STOP &quot;[EIREVKT_1ST_SVC_NAME]&quot; &amp; DEL /Q &quot;[EIREVKT_1ST_SVC_TARGETLOCATION]&quot; ROBOCOPY &quot;[EIREVKT_1ST_SVC_BACKUPLOCATION]&quot; &quot;[EIREVKT_1ST_SVC_TARGETLOCATION]&quot; *.* &amp; SC START &quot;[EIREVKT_1ST_SVC_NAME]&quot;">
				<statusCodes>
					<statusCode type="success" value="0" message="1ST SERVICE UPDATE SUCCEEDED."/>
					<statusCode type="success" value="1" message="1ST SERVICE UPDATE SUCCEEDED."/>
					<statusCode type="success" value="2" message="1ST SERVICE UPDATE SUCCEEDED."/>
				</statusCodes>
			</uninstallCommand>
		</component>
		<component name="EI_REV_KT_1_1_INSTALL_2ND_SERVICE">
			<property name="EIREVKT_2ND_SVC_SOURCELOCATION" value="[EIREVKT_2ND_SVC_SOURCELOCATION]"/>
			<property name="EIREVKT_2ND_SVC_TARGETLOCATION" value="[EIREVKT_2ND_SVC_TARGETLOCATION]"/>
			<property name="EIREVKT_2ND_SVC_BACKUPLOCATION" value="[EIREVKT_2ND_SVC_BACKUPLOCATION]"/>
			<property name="EIREVKT_2ND_SVC_NAME" value="[EIREVKT_2ND_SVC_NAME]"/>
			<!--<publishInterface name="MSI_WindowsService"/>-->
			<installCommand name="File copy to target"  cmd="SC STOP &quot;[EIREVKT_2ND_SVC_NAME]&quot; &amp; ROBOCOPY &quot;[EIREVKT_2ND_SVC_TARGETLOCATION]&quot; &quot;[EIREVKT_2ND_SVC_BACKUPLOCATION]&quot; *.* &amp; DEL /Q &quot;[EIREVKT_2ND_SVC_TARGETLOCATION]&quot; &amp; ROBOCOPY &quot;[EIREVKT_2ND_SVC_SOURCELOCATION]&quot; &quot;[EIREVKT_2ND_SVC_TARGETLOCATION]&quot; *.* &amp; SC START &quot;[EIREVKT_2ND_SVC_NAME]&quot;">
				<statusCodes>
					<statusCode type="success" value="0" message="2ND SERVICE UPDATE SUCCEEDED."/>
					<statusCode type="success" value="1" message="2ND SERVICE UPDATE SUCCEEDED."/>
					<statusCode type="success" value="2" message="2ND SERVICE UPDATE SUCCEEDED."/>
				</statusCodes>
			</installCommand>
			<uninstallCommand name="File copy to source" cmd="SC STOP &quot;[EIREVKT_2ND_SVC_NAME]&quot; &amp; DEL /Q &quot;[EIREVKT_2ND_SVC_TARGETLOCATION]&quot; ROBOCOPY &quot;[EIREVKT_2ND_SVC_BACKUPLOCATION]&quot; &quot;[EIREVKT_2ND_SVC_TARGETLOCATION]&quot; *.* &amp; SC START &quot;[EIREVKT_2ND_SVC_NAME]&quot;">
				<statusCodes>
					<statusCode type="success" value="0" message="2ND SERVICE UPDATE SUCCEEDED."/>
					<statusCode type="success" value="1" message="2ND SERVICE UPDATE SUCCEEDED."/>
					<statusCode type="success" value="2" message="2ND SERVICE UPDATE SUCCEEDED."/>
				</statusCodes>
			</uninstallCommand>
		</component>
		<component name="EI_REV_KT_1_1_GAC_AN_ASSEMBLY">
			<property name="EIREVKT_GAC_FULLPATH" value="[EIREVKT_GAC_FULLPATH]"/>
			<!--<publishInterface name="MSI_WindowsService"/>-->
			<installCommand name="Install an assembly to GAC"  cmd="&quot;C:\Program Files (x86)\Microsoft SDKs\Windows\v8.0A\bin\NETFX 4.0 Tools\GacUtil.exe&quot; /i &quot;[EIREVKT_GAC_FULLPATH]&quot;">
				<statusCodes>
					<statusCode type="success" value="0" message="MSI LOG DLL UPDATE succeeded."/>
					<statusCode type="success" value="1" message="MSI LOG DLL UPDATE succeeded."/>
					<statusCode type="success" value="2" message="MSI LOG DLL UPDATE succeeded."/>
				</statusCodes>
			</installCommand>
			<uninstallCommand name="Uninstall an assembly to GAC" cmd="&quot;C:\Program Files (x86)\Microsoft SDKs\Windows\v8.0A\bin\NETFX 4.0 Tools\GacUtil.exe&quot; /u &quot;[EIREVKT_GAC_FULLPATH]&quot;">
				<statusCodes>
					<statusCode type="success" value="0" message="MSI LOG DLL UPDATE succeeded."/>
					<statusCode type="success" value="1" message="MSI LOG DLL UPDATE succeeded."/>
					<statusCode type="success" value="2" message="MSI LOG DLL UPDATE succeeded."/>
				</statusCodes>
			</uninstallCommand>
		</component>
		<component name="Net Framework3.5 Check">
            <publishInterface name="Net Framework3.5 Check" />
            <prerequisiteChecks>
                <checkRegistry help=".Net Framework 3.5 Service Pack zero or greater should be installed" path="HKLM\Software\Microsoft\NET Framework Setup\NDP\v3.5" key="SP" value="0" method="ge" />
                <checkRegistry help=".Net Framework 3.5 or greater should be installed" path="HKLM\Software\Microsoft\NET Framework Setup\NDP\v3.5" key="Version" type="version" value="3.5.21022.08" method="ge" />
            </prerequisiteChecks>
  </component>

	</components>
</service>
